Supplier,Bangalore,Chennai,Delhi,Kolkata,Mumbai,Dummy_Destination
Cosmetics,6.058714420386614,4.848735754535017,6.005596937002456,7.062342397171894,6.357611168403476,0.0
Haircare,5.720734736811947,5.4268310138986955,5.869713910490567,5.816767520155687,6.686162868254425,0.0
Skincare,5.634876655506763,4.108545737776624,3.307155556406478,5.327064392897092,5.687674793111489,0.0
